page_slug,keyword,search_volume,keyword_difficulty,cpc,relevance_score
free-emergency-consultation,emergency tax consultation NYC,890,65,8.50,95
free-emergency-consultation,free tax consultation NYC,1200,58,7.25,90
free-emergency-consultation,tax crisis help NYC,450,72,9.80,88
free-emergency-consultation,immediate tax help,650,45,6.90,85
free-emergency-consultation,24/7 tax consultation,320,55,8.20,82
free-emergency-consultation,emergency tax attorney NYC,780,68,12.40,92
free-emergency-consultation,tax emergency hotline,240,42,5.80,80
free-emergency-consultation,NYC tax crisis consultation,180,75,11.20,85
free-emergency-consultation,urgent tax help Manhattan,160,70,10.50,82
free-emergency-consultation,Brooklyn tax emergency help,120,65,9.30,78
same-day-irs-response,same day IRS response,420,78,15.60,95
same-day-irs-response,emergency IRS help NYC,350,72,13.80,90
same-day-irs-response,stop garnishment today,680,58,11.40,92
same-day-irs-response,same day tax attorney,290,82,18.20,88
same-day-irs-response,IRS emergency services,240,65,14.30,85
same-day-irs-response,immediate IRS response,180,75,16.90,82
same-day-irs-response,24 hour IRS help,150,68,12.70,80
same-day-irs-response,emergency tax relief NYC,200,70,13.50,88
same-day-irs-response,urgent IRS collection stop,110,85,19.40,90
same-day-irs-response,emergency garnishment relief,95,72,14.80,85
tax-debt-calculator,tax debt calculator,1500,45,6.80,95
tax-debt-calculator,IRS debt calculator,820,52,8.20,90
tax-debt-calculator,offer in compromise calculator,640,68,12.50,92
tax-debt-calculator,tax relief calculator,450,48,7.90,88
tax-debt-calculator,tax savings calculator,380,42,6.40,85
tax-debt-calculator,penalty abatement calculator,210,72,15.20,82
tax-debt-calculator,installment agreement calculator,180,65,11.80,80
tax-debt-calculator,tax debt relief estimate,320,55,9.60,88
tax-debt-calculator,IRS payment plan calculator,280,58,10.30,85
tax-debt-calculator,currently not collectible calculator,95,78,18.50,82
irs-audit-defense-strategies,IRS audit defense strategies,320,82,22.40,95
irs-audit-defense-strategies,aggressive audit defense,180,88,28.60,90
irs-audit-defense-strategies,audit defense attorney NYC,240,75,19.80,92
irs-audit-defense-strategies,IRS audit representation NYC,420,68,16.50,88
irs-audit-defense-strategies,tax audit defense,580,62,14.20,85
irs-audit-defense-strategies,IRS audit lawyer,650,72,20.30,90
irs-audit-defense-strategies,audit defense services,280,65,17.90,82
irs-audit-defense-strategies,professional audit defense,150,70,21.40,88
irs-audit-defense-strategies,tax court representation,380,85,26.80,85
irs-audit-defense-strategies,audit appeals process,120,78,24.50,80
wage-garnishment-calculator,wage garnishment calculator,750,55,9.20,95
wage-garnishment-calculator,garnishment protection calculator,180,68,12.80,90
wage-garnishment-calculator,stop wage garnishment NYC,420,62,11.60,92
wage-garnishment-calculator,wage garnishment relief,580,58,10.40,88
wage-garnishment-calculator,paycheck protection calculator,120,72,14.30,85
wage-garnishment-calculator,income protection from IRS,240,75,16.80,82
wage-garnishment-calculator,garnishment exemption calculator,95,82,18.90,80
wage-garnishment-calculator,protect paycheck from IRS,160,65,13.50,88
wage-garnishment-calculator,wage garnishment help NYC,280,60,11.20,85
wage-garnishment-calculator,employee garnishment rights,200,55,8.70,82
emergency-collection-stop,emergency collection stop,240,78,17.20,95
emergency-collection-stop,stop IRS collection action,380,72,15.60,90
emergency-collection-stop,halt IRS enforcement,150,85,22.40,92
emergency-collection-stop,collection due process appeal,180,88,25.80,88
emergency-collection-stop,emergency IRS stay,95,92,28.50,85
emergency-collection-stop,stop bank levy immediately,220,75,19.30,90
emergency-collection-stop,emergency asset protection,160,68,16.70,82
emergency-collection-stop,IRS collection defense,280,65,14.90,88
emergency-collection-stop,emergency tax protection,120,70,18.60,85
emergency-collection-stop,immediate IRS relief,200,72,20.10,80
business-tax-emergency,business tax emergency,180,82,24.60,95
business-tax-emergency,emergency business tax help,150,85,27.80,90
business-tax-emergency,business IRS crisis,95,88,32.40,92
business-tax-emergency,corporate tax emergency,120,78,26.20,88
business-tax-emergency,business levy protection,160,75,22.50,85
business-tax-emergency,payroll tax crisis,240,72,20.80,90
business-tax-emergency,business asset protection,200,68,18.90,82
business-tax-emergency,corporate collection defense,85,85,29.60,88
business-tax-emergency,business bank levy release,110,82,31.20,85
business-tax-emergency,emergency business consultation,130,70,21.40,80
property-protection,property protection from IRS,320,68,14.50,95
property-protection,real estate lien removal,280,72,16.80,90
property-protection,NYC property tax protection,420,58,12.40,92
property-protection,home seizure prevention,180,82,22.60,88
property-protection,property lien release,240,65,15.30,85
property-protection,asset protection from IRS,350,70,18.70,90
property-protection,emergency property defense,120,88,28.90,82
property-protection,real estate tax crisis,160,75,20.40,88
property-protection,Manhattan property protection,95,78,24.80,85
property-protection,foreclosure prevention tax,200,72,19.20,80
live-chat,live chat tax help,450,35,4.20,95
live-chat,tax chat support,280,42,5.80,90
live-chat,online tax consultation,650,48,7.60,92
live-chat,instant tax help,380,52,6.90,88
live-chat,chat with tax professional,320,45,5.40,85
live-chat,tax advisor chat,240,38,4.80,90
live-chat,real time tax help,180,58,8.20,82
live-chat,immediate tax support,200,55,7.50,88
live-chat,online tax expert,420,40,5.60,85
live-chat,virtual tax consultation,160,62,9.40,80